team,experience,salary,points3,points2,points1,points,off_rebounds,def_rebounds,assists,steals,blocks,turnovers,fouls,efficiency
BOS,9,26.5401,86,293,108,952,95,370,337,52,86,115,138,19.529411764705884
BOS,11,12,27,186,67,520,118,248,140,51,62,77,211,10.9
BOS,6,8.269663,108,251,68,894,65,269,122,68,11,88,141,16.363636363636363
BOS,0,1.45,1,2,3,10,2,2,3,0,0,0,0,2.6
BOS,9,1.410598,39,56,33,262,16,68,33,9,7,25,48,4.787234042553192
BOS,5,6.587132,245,437,590,2199,43,162,448,70,13,210,167,24.67105263157895
BOS,4,6.286408,157,176,176,999,48,367,155,73,23,80,161,16.069444444444443
BOS,2,1.8252,12,13,6,68,6,20,4,10,2,4,15,2.413793103448276
BOS,0,4.743,46,146,85,515,45,175,64,35,18,68,142,6.589743589743589
BOS,6,5,45,69,26,299,59,213,71,25,17,39,122,6.230769230769231
BOS,1,1.223653,0,15,8,38,13,21,7,3,6,9,12,2.16
BOS,3,3.094014,68,192,90,678,73,288,148,43,29,96,207,11.76
BOS,2,3.57888,94,175,203,835,78,227,364,125,34,159,192,12.367088607594937
BOS,1,1.90644,57,94,51,410,40,187,131,46,11,47,69,6.797297297297297
BOS,4,8,0,78,22,178,43,81,42,7,21,20,61,5
CLE,11,0.242224,0,0,0,0,0,0,0,0,0,0,2,0
CLE,10,7.806971,137,101,63,676,37,253,45,33,37,53,138,9.932432432432432
CLE,12,0.024022,0,3,3,9,1,1,1,0,0,1,1,5
CLE,11,0.259626,22,46,21,179,1,44,86,6,6,40,42,8.291666666666666
CLE,5,0.402043,21,33,27,156,3,54,14,5,2,14,27,6.2
CLE,1,0.005145,0,3,0,6,4,6,1,0,6,2,3,19
CLE,5,9.7,94,107,71,567,39,179,109,62,27,78,150,7.868421052631579
CLE,12,12.8,95,28,10,351,17,96,62,40,11,26,77,7.634146341463414
CLE,13,1.551659,31,13,13,132,3,34,14,6,10,10,37,2.7916666666666665
CLE,1,0.874636,18,40,27,161,6,35,19,8,6,14,31,3.2972972972972974
CLE,0,0.543471,7,55,35,166,3,38,58,18,7,30,38,3.5714285714285716
CLE,8,21.165675,145,225,257,1142,148,518,116,53,21,122,125,22.35
CLE,13,5.239437,97,34,14,373,7,90,35,11,8,29,60,10.17142857142857
CLE,5,17.638063,177,494,297,1816,52,178,418,83,24,180,157,22.375
CLE,5,0.207722,0,1,2,4,3,1,0,1,1,2,5,1
CLE,13,30.96345,124,612,358,1954,97,542,646,92,44,303,134,30.95945945945946
CLE,15,2.5,62,91,80,448,28,175,78,26,10,52,153,6.265822784810126
CLE,5,15.330435,0,262,106,630,286,429,77,39,84,64,176,15.371794871794872
TOR,2,1.58964,2,4,0,14,5,5,4,2,1,2,4,2.111111111111111
TOR,5,7.33,48,251,94,740,51,184,265,66,13,108,140,10.2625
TOR,1,1.57728,10,39,42,150,16,32,57,27,11,25,31,6.962962962962963
TOR,7,26.5401,33,688,545,2020,70,316,290,78,13,180,134,22.716216216216218
TOR,7,14.2,109,111,89,638,63,212,74,81,27,54,143,9.48611111111111
TOR,0,0.543471,11,28,18,107,4,38,35,16,3,15,36,3.027027027027027
TOR,0,2.70396,0,67,31,165,78,87,12,17,20,29,113,5.111111111111111
TOR,4,14.382022,1,390,176,959,226,533,57,37,63,106,216,17.7125
TOR,10,12,193,233,299,1344,48,238,417,88,19,173,170,23.716666666666665
TOR,2,1.92132,3,100,44,253,82,162,42,52,89,46,137,9.789473684210526
TOR,1,0.874636,56,171,126,636,26,143,82,52,14,70,127,7.5131578947368425
TOR,5,5.3,24,28,11,139,23,106,26,31,5,14,53,9.791666666666666
TOR,0,1.19604,1,102,22,229,64,121,17,26,45,33,109,6.490909090909091
TOR,6,6.05,94,60,43,445,62,231,76,40,23,38,120,9.107692307692307
TOR,7,12.25,41,87,30,327,29,127,15,7,33,39,76,14.956521739130435
WAS,2,3.730653,45,62,71,330,14,66,21,10,4,38,47,10.576923076923077
WAS,4,22.11675,223,414,282,1779,53,187,267,83,21,156,169,19.337662337662337
WAS,7,1.2,11,18,12,81,8,36,108,15,0,22,32,6.260869565217392
WAS,1,1.19148,0,0,1,1,0,2,0,1,0,1,0,0.5
WAS,0,0.543471,0,12,0,24,5,17,3,2,0,3,17,1.631578947368421
WAS,0,0.543471,0,0,0,0,0,1,0,0,0,0,0,1
WAS,8,15.944154,0,65,43,173,47,103,19,33,24,34,90,9.258064516129032
WAS,8,5,37,137,35,420,64,194,37,21,54,58,168,7.581081081081081
WAS,6,16.9579,89,558,422,1805,59,267,831,157,49,322,151,25.03846153846154
WAS,1,2.00664,54,132,75,501,61,200,47,58,17,50,195,7.012658227848101
WAS,9,12,0,390,103,883,238,611,121,40,61,119,213,18.23170731707317
WAS,5,7.4,71,335,180,1063,107,386,126,82,42,129,254,15.25
WAS,3,5.893981,148,266,99,1075,118,396,121,116,42,44,193,17.6875
WAS,0,2.870813,9,52,23,154,25,58,92,26,6,38,60,3.982456140350877
WAS,3,3.386598,31,85,22,285,7,40,100,11,5,48,54,4.456140350877193
ATL,0,1.49976,1,46,6,101,14,45,28,8,5,16,21,3.263157894736842
ATL,3,2.708582,100,448,218,1414,42,206,499,74,16,258,149,16.329113924050635
ATL,12,23.180275,0,388,226,1002,296,644,104,64,92,170,203,21.743243243243242
ATL,8,8.4,32,61,52,270,42,109,43,22,8,34,73,12.076923076923077
ATL,6,0.072193,0,0,4,4,0,1,1,0,0,0,1,-0.5
ATL,11,0.392478,8,15,7,61,7,25,37,4,0,15,14,4.9411764705882355
ATL,4,15.730338,92,203,119,801,45,186,177,91,52,125,165,10.301369863013699
ATL,12,4,19,68,64,257,60,146,29,15,21,28,69,6.339285714285714
ATL,1,0.128623,1,2,2,9,1,6,6,1,0,4,6,1.2
ATL,0,2.5,26,119,75,391,10,113,193,39,1,95,112,5.3561643835616435
ATL,14,4.8375,33,24,22,169,13,55,30,9,5,14,35,6.333333333333333
ATL,3,1.015696,46,124,49,435,76,164,95,30,41,55,97,8.628571428571428
ATL,10,20.072033,75,355,311,1246,111,422,252,90,62,158,186,20.130434782608695
ATL,3,0.418228,4,4,5,25,1,17,8,4,5,4,5,2.1875
ATL,0,2.31828,33,81,74,335,25,132,55,43,27,61,96,6.186440677966102
ATL,10,3.85,41,133,55,444,54,216,107,96,31,58,97,10.46774193548387
ATL,3,2.281605,149,266,164,1143,35,189,182,55,15,106,103,12.227848101265822
MIL,1,0.051449,0,0,0,0,0,0,0,0,0,0,1,-0.5
MIL,0,0.035166,1,7,3,20,0,12,13,3,4,10,9,4.333333333333333
MIL,3,2.995421,49,607,471,1832,142,558,434,131,151,234,246,28.375
MIL,6,17.1,0,387,177,951,167,365,187,92,38,140,168,15.54320987654321
MIL,2,5.37432,65,334,162,1025,79,235,142,50,22,93,111,19.392156862745097
MIL,17,1.551659,73,32,24,307,15,91,98,46,20,36,95,5.378378378378378
MIL,4,12.517606,0,159,74,392,92,203,57,29,78,52,151,10.620689655172415
MIL,4,15.2,45,105,81,426,11,112,99,41,7,65,79,15.068965517241379
MIL,0,0.925,78,212,109,767,47,166,317,84,12,113,140,12.24
MIL,3,9.6075,79,129,82,577,24,123,357,53,0,133,153,8.697368421052632
MIL,8,1.403611,18,198,78,528,40,153,53,27,27,66,92,9.732142857142858
MIL,4,12.5,0,30,22,82,23,30,18,11,9,22,48,3.125
MIL,4,10.5,104,52,35,451,11,151,48,12,13,37,109,5.385714285714286
MIL,1,1.81104,26,31,2,142,4,45,23,19,10,14,32,3.097560975609756
MIL,9,6.348759,9,21,14,83,6,39,19,2,4,9,16,5.842105263157895
MIL,10,1.551659,1,1,0,5,0,3,0,0,0,0,1,0.375
MIL,4,0.236457,0,0,0,0,0,3,0,1,1,0,0,0.6666666666666666
MIL,0,2.5686,28,55,32,226,40,74,23,10,26,17,84,4.684210526315789
MIL,3,2.368327,144,102,47,683,22,226,96,55,14,55,125,9.1875
IND,8,2.7,48,73,32,322,18,51,125,25,9,66,93,4.569230769230769
IND,12,10.230179,0,235,65,535,75,203,57,19,16,33,125,9.333333333333334
IND,11,4.58345,169,112,84,815,30,199,48,46,25,40,151,9.842105263157896
IND,0,0.65,1,8,2,21,2,15,5,3,0,5,6,0.6086956521739131
IND,2,1.0505,49,109,54,419,57,189,47,41,20,37,63,7.739130434782608
IND,7,8.8,90,312,360,1254,33,297,639,100,32,216,165,19.23170731707317
IND,1,1.0523420000000001,5,21,11,68,1,16,15,4,0,5,5,1.4848484848484849
IND,6,1.8,0,109,14,232,41,101,23,7,20,29,66,6.081632653061225
IND,6,4,5,13,2,43,1,23,25,3,2,11,12,9.833333333333334
IND,5,4,0,77,23,177,105,114,57,18,24,29,78,5.983606557377049
IND,11,10.77,43,204,93,630,19,185,236,78,27,135,149,9.391891891891891
IND,1,2.46384,40,404,245,1173,139,450,106,74,172,105,262,18.839506172839506
IND,6,18.314532,195,427,336,1775,58,434,251,119,27,220,206,22.4
IND,1,1.0523420000000001,0,19,21,59,26,30,4,3,6,8,37,3.0344827586206895
IND,9,7,19,72,80,281,6,78,84,16,0,53,44,5.948717948717949
IND,9,14.153652,45,317,45,814,131,317,122,113,29,95,135,14.391891891891891
CHI,8,3.488,6,6,11,41,1,1,6,2,0,0,4,3.7777777777777777
CHI,1,1.45368,32,151,39,437,75,221,35,16,11,37,94,8.53125
CHI,1,2.11248,11,10,1,54,1,16,15,4,0,13,14,2.909090909090909
CHI,1,0.874636,0,128,60,316,124,187,40,25,17,33,110,8.333333333333334
CHI,0,2.0922,73,29,14,291,11,140,63,30,7,49,86,5.315789473684211
CHI,13,23.2,45,369,223,1096,63,207,228,86,41,138,112,16.4
CHI,3,1.015696,25,38,30,181,6,44,37,22,1,21,35,4.0256410256410255
CHI,1,1.64304,49,79,65,370,17,94,121,47,8,44,93,6.857142857142857
CHI,5,17.552209,91,479,585,1816,129,341,417,143,32,159,112,25.605263157894736
CHI,2,1.70972,6,31,9,89,21,47,19,7,0,16,12,5.3
CHI,3,3.183526,15,97,58,297,24,129,113,38,23,66,102,7.666666666666667
CHI,2,5.78245,129,129,99,744,61,323,75,53,55,80,128,11.928571428571429
CHI,0,0.75,33,55,31,240,15,110,36,15,16,40,78,5.681818181818182
CHI,1,0.425,0,0,0,0,0,1,0,0,0,0,0,0
CHI,10,14,50,179,30,538,73,282,461,99,11,169,144,13.666666666666666
CHI,8,13.21925,0,382,75,839,244,276,80,18,117,91,151,13.098765432098766
MIA,4,2.898,85,196,82,729,18,135,200,42,20,103,95,13.347826086956522
MIA,8,15.89,117,417,298,1483,62,217,423,89,13,212,199,19.26027397260274
MIA,4,22.11675,0,542,225,1309,293,795,57,57,161,154,226,25.376623376623378
MIA,7,4,87,281,152,975,66,310,276,76,86,171,197,15.18421052631579
MIA,9,5.78245,13,31,6,107,23,51,50,10,4,23,31,6.590909090909091
MIA,1,0.874636,75,127,60,539,35,133,140,60,39,65,132,10.433962264150944
MIA,1,2.59344,7,73,29,196,23,71,66,26,6,33,52,10.666666666666666
MIA,6,1.227,87,26,11,324,12,129,36,20,11,25,118,4.926470588235294
MIA,0,0.374933,12,21,20,98,25,57,21,10,10,18,52,4.2
MIA,0,0.543471,73,117,44,497,94,162,124,46,18,56,140,7.538461538461538
MIA,2,5.628,93,264,195,1002,50,243,233,84,44,90,176,14.246575342465754
MIA,13,4,0,11,9,31,8,28,6,6,1,8,22,3.375
MIA,7,6,149,82,37,648,18,114,70,35,4,30,70,8.53225806451613
MIA,1,1.015696,1,161,49,374,129,203,26,18,47,31,137,8.507042253521126
DET,4,22.11675,2,481,137,1105,345,770,90,124,89,152,237,21.296296296296298
DET,4,6.5,0,143,79,365,111,222,32,17,39,50,166,7.8
DET,12,1.551659,11,81,32,227,6,51,131,13,0,36,29,7.3076923076923075
DET,1,7,0,72,47,191,46,84,9,6,12,10,25,7.628571428571429
DET,1,0.874636,12,35,21,127,2,31,33,11,2,28,39,2.358974358974359
DET,0,1.70412,10,13,4,60,8,33,7,1,1,14,6,2.6842105263157894
DET,6,6,28,301,72,758,21,214,418,61,33,112,127,11.641975308641975
DET,5,10.991957,49,261,98,767,102,300,111,31,26,66,145,12.266666666666667
DET,3,3.678319,153,217,154,1047,55,193,193,89,12,86,118,12.026315789473685
DET,5,4.625,118,303,145,1105,77,289,160,52,25,87,168,12.594936708860759
DET,0,0.65,0,1,2,4,2,1,2,0,0,0,2,0
DET,3,2.255644,28,26,5,141,13,51,29,18,3,10,22,5.451612903225806
DET,5,14.956522,66,218,118,752,21,93,270,35,5,114,129,12.51923076923077
DET,1,2.96988,45,84,36,339,36,153,105,56,24,71,121,5.0519480519480515
DET,5,17.2,109,402,190,1321,63,353,142,60,39,96,133,15.78048780487805
CHO,1,0.375579,0,0,1,1,0,3,3,0,0,0,2,0.4
CHO,4,1.050961,17,29,33,142,5,34,52,9,1,26,18,3.292682926829268
CHO,1,0.231521,1,19,9,50,8,14,16,9,0,5,12,4.769230769230769
CHO,1,0.874636,0,12,11,35,14,15,2,3,6,7,11,4.076923076923077
CHO,3,5.318313,0,253,133,639,135,270,99,62,58,65,189,15.241935483870968
CHO,1,2.73,116,204,118,874,57,279,162,46,34,76,139,11.413333333333334
CHO,4,6.511628,41,185,110,603,30,234,75,27,23,40,98,10.774193548387096
CHO,2,0.276827,1,7,1,18,4,4,4,0,0,3,6,4.75
CHO,5,12,240,403,304,1830,45,263,434,85,22,168,119,20.88607594936709
CHO,9,6.333333,102,162,150,780,14,164,147,44,9,70,90,9.716216216216216
CHO,11,12.25,124,173,131,849,89,411,106,58,53,60,134,14.210526315789474
CHO,4,13,1,294,152,743,156,409,114,81,77,56,187,14.308641975308642
CHO,0,0.138938,0,1,0,2,2,1,1,0,0,1,2,1
CHO,8,20.869566,135,258,243,1164,46,435,456,86,29,194,109,18.16883116883117
CHO,9,6,21,79,91,312,11,62,129,27,3,46,43,6.16
CHO,0,0.543471,9,10,10,57,5,17,6,6,1,3,18,2.3333333333333335
NYK,13,24.55938,151,451,304,1659,62,376,213,60,34,153,198,18.95945945945946
NYK,0,0.24386,10,18,29,95,6,21,28,6,1,16,28,5.277777777777778
NYK,8,11.242,108,213,85,835,53,206,179,81,24,69,141,11.857142857142858
NYK,7,21.32325,13,447,221,1154,66,180,283,44,17,147,84,16.375
NYK,9,17,0,99,34,232,162,241,103,30,37,58,127,13.043478260869565
NYK,3,1.015696,97,136,66,629,27,198,102,65,31,66,109,8.134146341463415
NYK,1,4.31772,112,331,198,1196,111,364,97,47,129,118,244,18.636363636363637
NYK,4,3.9,2,213,64,496,157,282,117,36,104,76,174,11.379746835443038
NYK,5,6.191,38,59,43,275,32,110,35,21,5,25,85,6.478260869565218
NYK,0,0.543471,0,16,8,40,23,28,10,4,4,12,23,3.4285714285714284
NYK,0,0.543471,1,38,19,98,22,42,8,15,8,12,30,3.96875
NYK,0,2.898,54,104,55,425,47,79,69,29,11,51,79,5.661764705882353
NYK,0,0.543471,23,59,28,215,12,86,107,34,8,56,74,4.923076923076923
NYK,9,1.410598,23,19,17,124,12,47,52,13,2,16,38,3.1666666666666665
NYK,0,1.375,4,242,91,587,170,332,96,41,36,100,150,12.625
ORL,2,4.35132,77,316,156,1019,116,289,150,65,40,89,172,13.2125
ORL,1,0.051449,1,3,0,9,2,5,2,0,0,1,2,6
ORL,2,0.440078,0,2,0,4,2,4,2,0,1,2,3,1.125
ORL,5,17,0,179,125,483,157,410,74,25,91,95,202,10.814814814814815
ORL,9,5,32,64,57,281,16,73,114,43,2,47,84,5.17741935483871
ORL,2,1.20968,3,5,2,21,4,8,12,2,1,6,8,0.8636363636363636
ORL,8,7.25,95,100,131,616,15,102,209,31,1,90,101,6.82051282051282
ORL,2,0.980431,20,11,0,82,5,20,20,12,1,9,31,1.6444444444444444
ORL,2,2.6136,40,390,146,1046,89,298,529,88,40,178,177,16.646341463414632
ORL,4,17,128,280,223,1167,44,165,202,66,4,141,180,13.691176470588236
ORL,8,15,53,167,145,638,39,175,81,37,13,75,103,7.927536231884058
ORL,7,6.54,56,47,65,327,5,72,45,34,4,36,41,8.027777777777779
ORL,0,0.031969,1,1,9,14,1,8,3,1,0,2,5,3.8
ORL,1,3.90984,43,74,40,317,20,126,62,30,15,58,74,4.446153846153846
ORL,5,11.75,23,460,107,1096,176,603,208,76,74,117,180,20.2
ORL,0,0.031969,0,0,0,0,1,6,0,0,0,3,4,-0.6
ORL,0,0.95,0,10,3,23,11,24,4,2,5,3,17,2.263157894736842
ORL,4,10,46,69,23,299,4,64,43,34,13,35,61,11.083333333333334
PHI,0,0.038903,6,19,8,64,11,18,5,3,2,3,14,11.5
PHI,0,2.31828,106,275,172,1040,112,401,182,57,30,183,162,12.901234567901234
PHI,7,9,61,173,133,662,34,151,112,40,15,62,129,8.347222222222221
PHI,3,0.442126,26,40,13,171,15,69,26,14,6,9,55,6.193548387096774
PHI,1,4.78884,0,242,106,590,81,159,58,20,49,91,122,11.7
PHI,8,9.424084,2,9,9,33,3,9,13,0,0,9,4,9
PHI,0,4.82616,36,164,191,627,61,182,66,27,76,117,112,20.64516129032258
PHI,1,1.51416,21,54,32,203,30,66,34,13,7,26,45,9.625
PHI,2,0.057672,2,3,0,12,2,3,2,0,0,4,2,2.6666666666666665
PHI,2,2.99304,132,119,122,756,21,205,188,45,32,128,144,8.85
PHI,1,1.025831,27,203,72,559,94,217,58,42,55,55,136,13.280701754385966
PHI,3,1.015696,137,155,143,864,92,344,102,127,69,131,203,14.865671641791044
PHI,4,8,92,118,18,530,21,136,344,49,4,128,95,9.132352941176471
PHI,0,0.096969,7,54,19,148,41,44,13,9,9,13,49,10.38888888888889
PHI,1,0.874636,11,225,73,556,39,212,534,134,10,159,139,12.753086419753087
PHI,6,8.55,2,12,9,39,8,14,4,1,1,6,8,5.25
PHI,0,1.32696,50,95,105,445,25,124,75,32,10,73,154,5.855072463768116
BRK,4,6.088993,2,11,2,30,4,23,3,5,0,6,18,3.8
BRK,3,1.015696,13,25,26,115,25,53,12,5,3,12,18,5.956521739130435
BRK,3,0.194494,4,30,23,95,7,21,23,4,4,14,7,8.666666666666666
BRK,8,21.165675,134,421,295,1539,121,282,176,38,124,184,192,18.8
BRK,0,1.56228,59,112,67,468,23,165,110,49,8,59,91,9.280701754385966
BRK,6,4.347826,1,1,2,7,0,2,5,1,1,1,6,2.6666666666666665
BRK,0,1.074145,44,160,91,543,32,152,192,42,36,142,175,7.2465753424657535
BRK,6,11.483254,58,117,115,523,11,124,184,42,14,86,79,15.583333333333334
BRK,2,0.980431,85,69,35,428,16,131,54,30,8,55,121,7.5
BRK,2,3,55,119,39,442,71,191,55,29,43,43,91,8.90625
BRK,2,3.333333,11,35,23,126,9,43,9,12,10,19,25,6.5
BRK,9,5,17,54,25,184,51,88,37,14,4,34,63,7
BRK,4,1.914544,36,29,43,209,18,89,18,14,15,19,58,7.5625
BRK,10,2.5,67,51,54,357,9,146,135,35,9,80,99,5.72463768115942
BRK,1,1.3956,15,220,190,675,96,356,154,82,44,116,177,11.807692307692308
BRK,2,0.980431,105,200,204,919,22,258,157,45,6,135,118,11.485714285714286
BRK,2,0.726672,38,96,126,432,27,137,185,44,23,66,119,9.847457627118644
BRK,6,9.25,25,280,74,709,143,428,138,75,28,127,152,15.098591549295774
BRK,0,0.2023,8,10,10,54,4,8,17,2,2,14,11,3.6
GSW,12,1.551659,0,5,8,18,12,15,10,3,3,8,16,2.9285714285714284
GSW,12,11.131368,64,155,72,574,51,253,261,76,39,58,97,12.763157894736842
GSW,0,1.17156,0,8,3,19,9,14,0,1,4,6,15,2.6
GSW,13,1.551659,3,132,43,316,47,156,151,42,48,78,105,8.117647058823529
GSW,4,15.330435,81,191,151,776,98,501,533,154,106,184,217,20.31578947368421
GSW,3,1.015696,61,150,44,527,22,99,90,39,8,55,77,6.415584415584416
GSW,2,0.980431,2,60,21,147,34,57,18,18,29,19,47,4
GSW,8,1.403611,0,208,56,472,100,144,17,19,67,40,109,7.961038961038961
GSW,9,26.5401,117,434,336,1555,39,474,300,66,99,138,117,30.193548387096776
GSW,1,1.18284,2,54,21,135,44,80,29,15,17,17,64,4.509433962264151
GSW,5,16.663575,268,376,186,1742,49,236,160,66,40,128,139,17.96153846153846
GSW,13,0.383351,18,20,20,114,15,76,45,12,9,24,47,9.6
GSW,0,0.543471,41,65,29,282,21,79,77,32,15,36,62,4.549295774647887
GSW,11,5.78245,1,172,42,389,28,123,139,38,20,62,120,6.7631578947368425
GSW,7,12.112359,324,351,325,1999,61,292,524,142,17,239,183,25.20253164556962
GSW,13,2.898,0,164,98,426,140,270,132,59,33,87,166,11.457142857142857
SAS,0,0.543471,17,19,5,94,2,21,23,1,0,11,20,1.8333333333333333
SAS,7,10,118,58,27,497,31,193,124,70,57,76,120,9.088235294117647
SAS,11,1.551659,0,248,80,576,149,292,124,31,40,82,125,11.708860759493671
SAS,0,0.543471,69,34,28,303,22,76,46,20,28,32,75,4.865671641791045
SAS,0,1.18008,9,41,21,130,6,36,48,8,6,38,29,3.1842105263157894
SAS,3,2.898,0,161,65,387,129,367,44,37,61,61,180,11.026315789473685
SAS,9,0.66381,0,10,5,25,8,23,3,2,6,4,11,2.8421052631578947
SAS,1,0.874636,30,147,99,483,20,140,126,47,25,76,146,6.256410256410256
SAS,5,17.638063,147,489,469,1888,80,350,260,133,55,154,122,25.2972972972973
SAS,2,1.19208,15,78,45,246,33,175,91,51,26,39,63,6.319444444444445
SAS,10,20.575005,23,477,220,1243,172,351,139,46,88,98,158,18.625
SAS,14,14,89,82,86,517,28,129,183,82,16,96,119,8.26086956521739
SAS,0,0.210995,10,10,9,59,1,9,28,4,1,19,19,3.111111111111111
SAS,7,3.578948,147,126,66,759,24,117,280,65,3,101,109,9.8125
SAS,15,15.5,56,247,130,792,107,394,150,24,70,81,110,17.203125
SAS,15,14.445313,23,242,85,638,9,104,285,34,2,89,92,10.26984126984127
HOU,2,0.934293,14,9,2,62,0,6,14,1,0,5,5,1.64
HOU,0,0.543471,0,5,4,14,2,8,3,3,1,4,6,5
HOU,2,1.29624,0,362,94,818,178,348,63,34,79,87,179,17.676923076923078
HOU,8,12.385364,246,166,147,1217,29,172,188,48,41,121,150,12.56
HOU,0,0.305,0,1,1,3,1,2,3,1,1,0,6,1
HOU,7,26.5401,262,412,746,2356,95,564,907,121,38,464,215,32.382716049382715
HOU,11,7,41,61,98,343,12,58,56,15,9,40,25,12
HOU,1,1.045,1,224,76,527,81,138,64,20,42,44,126,11.431034482758621
HOU,14,2.898,3,242,116,609,95,187,65,56,39,73,163,11.119402985074627
HOU,4,6,110,118,73,639,95,298,281,99,25,100,222,14.925373134328359
HOU,8,18.735364,204,119,129,979,112,218,68,31,14,55,142,12.444444444444445
HOU,1,1.72056,60,143,38,504,94,190,76,38,21,41,83,8.12987012987013
HOU,12,7.806971,191,135,93,936,54,404,175,147,20,73,133,14.475
HOU,0,0.181969,8,14,6,58,9,15,6,3,1,6,18,10.5
LAC,7,1.315448,14,16,12,86,3,21,11,3,0,7,35,2.1
LAC,4,11,111,212,132,889,20,141,204,48,10,115,187,9.864864864864865
LAC,6,20.140838,38,441,320,1316,112,385,300,57,22,142,157,23.885245901639344
LAC,11,1.551659,1,106,77,292,43,86,21,14,11,29,45,6.6923076923076925
LAC,0,1.27392,0,2,0,4,1,2,1,2,1,1,0,1.6666666666666667
LAC,11,22.868827,124,250,232,1104,40,264,563,119,8,147,146,24.78688524590164
LAC,8,21.165675,0,412,205,1029,298,816,96,51,134,115,212,23.753086419753085
LAC,0,0.543471,0,3,4,10,1,5,0,0,1,2,5,0.7142857142857143
LAC,10,7.3775,201,195,180,1173,11,160,110,54,13,98,125,11.628205128205128
LAC,16,13.253012,116,243,174,1008,17,112,214,61,14,134,115,9.170731707317072
LAC,8,2.203,43,148,59,484,44,126,39,81,35,46,122,6.85
LAC,8,1.403611,103,141,120,711,88,285,65,23,41,69,229,10.036585365853659
LAC,18,3.5,15,13,10,81,1,47,10,4,5,16,40,3.48
LAC,11,1.551659,46,175,50,538,33,185,191,66,22,83,125,8.0625
LAC,6,5.628,29,44,11,186,26,155,23,29,30,18,83,4.382352941176471
UTA,5,10.154495,25,74,60,283,17,103,30,18,5,35,50,6.0476190476190474
UTA,13,7,20,126,26,338,46,112,170,18,9,87,83,5.698630136986301
UTA,1,3.94032,44,111,58,412,30,102,111,21,12,80,146,5.833333333333333
UTA,6,11.05,3,200,67,476,92,213,56,45,40,60,103,12.12
UTA,8,8,94,195,157,829,23,144,204,50,11,85,114,16.73469387755102
UTA,6,16.07314,149,396,362,1601,49,345,252,73,20,140,117,20.84931506849315
UTA,3,1.015696,0,55,36,146,52,69,7,16,32,14,52,4.862745098039215
UTA,2,2.25,123,81,50,581,23,238,225,96,8,107,163,9.74390243902439
UTA,15,11,106,167,63,715,33,210,144,36,18,69,93,9.23076923076923
UTA,0,0.6,1,8,3,22,4,13,2,1,2,2,1,2.6666666666666665
UTA,1,0.9378,10,31,8,100,4,26,34,21,5,15,48,3.1
UTA,2,1.40652,114,158,90,748,16,186,96,38,11,65,132,10.35593220338983
UTA,3,2.121288,0,413,311,1137,314,721,97,49,214,147,246,24.790123456790123
UTA,5,2.433334,37,133,53,430,20,105,154,42,3,90,100,7.8
UTA,1,2.3406,65,94,57,440,48,187,69,26,20,64,97,5.971830985915493
OKC,0,5.994764,94,40,44,406,18,68,40,37,8,33,114,4.882352941176471
OKC,3,2.183072,45,170,47,522,98,305,79,94,79,51,204,10.30379746835443
OKC,0,2.4402,51,141,44,479,46,242,82,39,32,83,200,6.481481481481482
OKC,2,2.48304,21,35,12,145,6,43,13,2,1,6,22,5.954545454545454
OKC,5,17.145838,5,397,224,1033,195,287,67,32,38,123,154,15.73611111111111
OKC,2,0.980431,43,103,86,421,38,161,46,33,75,41,144,6.602564102564102
OKC,1,1.19148,2,4,0,14,4,5,3,0,3,0,0,11.5
OKC,4,4.8375,7,27,13,88,8,40,9,7,5,11,29,2.90625
OKC,12,3.75,0,14,5,33,9,22,12,2,2,4,17,3.2
OKC,5,0.247991,3,13,8,43,0,11,14,8,0,7,18,2.3846153846153846
OKC,8,26.5401,200,624,710,2558,137,727,840,132,31,438,190,33.82716049382716
OKC,0,0.543471,12,65,17,183,19,68,130,28,7,43,79,3.625
OKC,3,3.140517,0,374,157,905,281,332,86,89,78,146,195,15.55
OKC,7,8.95,1,88,28,207,38,65,13,14,15,28,40,9.695652173913043
OKC,3,6.55296,127,285,116,1067,39,252,176,78,21,119,155,14.26865671641791
MEM,0,0.945,43,74,148,425,23,113,198,53,21,85,194,6.375
MEM,8,5.7,0,83,23,189,31,47,15,11,20,10,42,8.535714285714286
MEM,5,22.11675,25,50,35,210,6,78,55,20,5,24,52,5.735294117647059
MEM,0,1.369229,0,24,10,58,20,40,2,3,17,8,40,2.8055555555555554
MEM,2,2.898,51,95,86,429,69,190,64,46,19,59,165,8.734375
MEM,2,0.980431,55,195,134,689,167,377,84,47,34,94,248,13.25974025974026
MEM,1,1.28616,9,49,40,165,42,120,8,17,9,28,91,5.476190476190476
MEM,8,21.165675,104,428,278,1446,60,404,338,67,99,166,171,21.16216216216216
MEM,9,26.5401,171,293,316,1415,31,210,433,92,19,156,126,20.971014492753625
MEM,7,0.603558,7,36,24,117,13,48,56,18,5,21,50,6.541666666666667
MEM,12,5.505618,15,259,80,643,166,225,98,115,29,100,178,11.338028169014084
MEM,3,3.33294,138,47,43,551,22,78,46,20,4,45,90,5.298507462686567
MEM,18,4.264057,112,81,88,586,36,191,133,60,36,50,163,9.150684931506849
MEM,0,1.79376,3,33,31,106,11,35,61,18,7,39,40,3.4545454545454546
MEM,0,0.083119,3,17,12,55,1,10,12,4,1,9,12,3.4545454545454546
MEM,15,10.361445,21,412,141,1028,182,416,122,38,10,99,136,15.26027397260274
POR,6,7.680965,70,113,96,532,77,374,99,60,44,94,102,12.60655737704918
POR,3,18.5,134,169,105,845,19,207,94,54,20,62,171,10.30379746835443
POR,3,3.219579,185,507,268,1837,60,229,285,72,42,172,202,19.725
POR,4,24.328425,214,447,488,2024,46,322,440,68,20,197,152,24.52
POR,6,6.666667,0,75,50,200,96,148,26,15,22,37,137,8.08695652173913
POR,6,16.393443,31,204,85,586,36,211,205,53,24,100,121,10.461538461538462
POR,0,0.6,13,13,13,78,6,18,11,9,3,11,22,1.3428571428571427
POR,2,1.92132,0,120,64,304,65,142,63,25,38,62,73,21.3
POR,4,8.988764,68,246,77,773,125,216,88,85,70,86,214,11.87012987012987
POR,4,9.213484,74,72,35,401,27,210,71,13,28,35,172,6.45945945945946
POR,2,2.75136,7,123,60,327,131,256,31,30,27,64,154,7.621621621621622
POR,1,0.874636,17,20,7,98,10,42,28,6,2,17,23,3.3846153846153846
POR,2,1.35012,34,39,38,218,8,53,67,32,2,41,38,4.113207547169812
DEN,7,0.495227,0,3,5,11,4,11,6,5,1,4,14,1.4615384615384615
DEN,7,15.05,126,209,349,1145,39,286,135,40,15,82,93,17.857142857142858
DEN,7,8.070175,53,42,19,262,25,87,42,19,21,36,76,7.2439024390243905
DEN,1,3.2418,56,152,131,603,29,149,217,41,13,123,95,10
DEN,2,1.65588,107,213,104,851,48,130,164,71,8,76,92,14.894736842105264
DEN,0,3.21084,115,180,106,811,41,173,170,51,24,113,124,8.634146341463415
DEN,12,4.540525,106,162,45,687,28,164,385,54,8,128,197,11.253333333333334
DEN,2,0.15,0,1,1,3,1,1,2,1,0,0,3,3.5
DEN,0,1.98744,46,55,57,305,43,144,29,30,12,31,62,6.290322580645161
DEN,5,12.078652,0,228,131,587,183,279,55,43,40,59,124,14.459016393442623
DEN,0,1.62732,9,24,8,83,5,12,11,7,0,8,10,3.090909090909091
DEN,3,2.32853,0,99,47,245,50,123,70,19,29,46,77,14.037037037037036
DEN,16,3.5,8,1,2,28,2,36,22,2,0,13,9,3.15
DEN,1,1.3585,45,449,188,1221,212,506,359,61,55,171,214,25.246575342465754
DEN,8,5,0,2,0,4,1,1,1,0,2,1,3,1.1666666666666667
DEN,4,3.533333,87,208,143,820,58,201,206,48,28,97,110,14.1
DEN,8,11.2,110,323,141,1117,103,357,141,51,30,114,172,15.859154929577464
NOP,6,4.6,0,89,29,207,46,131,12,20,22,31,77,7.871794871794871
NOP,4,22.11675,40,730,519,2099,172,712,157,94,167,181,168,31.14666666666667
NOP,0,0.543471,0,36,15,87,23,50,4,4,7,7,17,7.176470588235294
NOP,7,2.97825,71,103,16,435,56,221,37,39,28,28,100,8.969696969696969
NOP,6,16.9579,36,106,94,414,37,174,66,25,19,62,75,27.88235294117647
NOP,4,0.576724,11,46,25,150,26,75,32,18,11,31,55,5.176470588235294
NOP,5,8.081363,77,206,57,700,33,119,164,50,32,62,131,9.356164383561644
NOP,11,0.091274,0,2,2,6,0,0,5,2,0,3,4,4.5
NOP,4,0.234915,37,68,20,267,4,30,57,11,2,25,30,11.947368421052632
NOP,7,11.286518,100,305,119,1029,46,218,488,100,44,194,133,17.82089552238806
NOP,6,9.904494,0,31,23,85,48,115,15,5,10,14,51,6.903225806451613
NOP,7,3,2,3,0,12,1,1,0,0,0,2,3,8
NOP,0,0.079922000000000007,6,16,2,52,1,3,14,3,0,5,7,5.333333333333333
NOP,6,0.252676,5,3,6,27,2,4,4,3,0,0,2,4
NOP,3,11.241218,94,89,103,563,51,256,141,72,32,82,182,8.9125
NOP,2,2.09,40,123,98,464,34,139,335,56,6,101,133,10.169230769230769
DAL,0,0.65,5,12,9,48,8,28,4,1,13,10,21,2.5454545454545454
DAL,0,0.031969,0,0,0,0,0,2,0,0,0,1,1,-0.6666666666666666
DAL,3,1.015696,0,3,2,8,3,4,0,2,0,0,3,13
DAL,12,4.228,58,78,107,437,11,116,136,43,7,57,101,7.1692307692307695
DAL,18,25,79,217,98,769,23,330,82,30,38,51,113,15.277777777777779
DAL,0,0.543471,56,68,46,350,55,167,67,52,25,45,125,5.518518518518518
DAL,2,8.375,21,173,107,516,93,213,49,61,39,34,135,9.35064935064935
DAL,4,22.11675,78,521,242,1518,93,301,116,65,15,102,128,16.27848101265823
DAL,10,4.09695,53,89,44,381,9,75,193,14,1,63,30,11.485714285714286
DAL,0,0.063938,3,13,5,40,8,14,9,2,4,3,8,5.555555555555555
DAL,0,0.680937,15,20,21,106,1,21,26,8,0,21,21,4.294117647058823
DAL,3,0.119494,0,3,2,8,3,6,2,0,0,2,1,0.75
DAL,2,4.3844900000000004,0,77,34,188,47,103,20,22,24,22,55,14.136363636363637
DAL,0,0.543471,29,23,17,150,26,69,47,17,8,26,43,3.6481481481481484
DAL,0,0.105498,3,10,6,35,1,8,19,2,0,3,5,4.375
DAL,1,0.874636,1,87,36,213,97,211,14,32,61,40,152,7.041095890410959
DAL,3,2.898,137,201,85,898,25,154,189,79,7,92,126,12.571428571428571
DAL,7,17.1,174,159,146,986,18,241,210,77,15,102,161,12.301369863013699
SAC,8,8,90,65,61,461,51,186,77,34,20,56,109,8.553846153846154
SAC,9,12.5,62,123,83,515,9,116,78,21,6,42,104,7.508196721311475
SAC,3,4.008882,65,115,70,495,19,110,51,29,6,62,108,6.327868852459017
SAC,0,3.5172,59,83,35,378,16,87,44,20,2,53,34,13.28
SAC,7,5.229454,73,267,147,900,23,129,312,67,9,114,119,13.647058823529411
SAC,6,8,82,101,58,506,32,152,168,84,28,78,141,9.646153846153846
SAC,0,2.20224,0,56,12,124,24,62,20,3,17,24,44,8.090909090909092
SAC,9,0.082979,4,0,0,12,1,2,9,2,0,3,1,7.5
SAC,8,8.0465,0,216,38,470,118,285,47,36,48,61,172,10.464788732394366
SAC,2,5.2,19,23,11,114,7,28,28,6,1,18,20,5.421052631578948
SAC,0,1.43988,8,20,15,79,3,20,11,5,1,8,23,3.0454545454545454
SAC,10,13.333333,42,159,118,562,35,155,83,44,26,74,79,19
SAC,0,1.18884,3,114,52,289,51,111,27,16,13,37,64,10.515151515151516
SAC,7,1.315448,34,203,173,681,44,135,334,74,6,129,119,11.826086956521738
SAC,7,10.661286,21,38,24,163,7,44,33,12,5,22,19,10.571428571428571
SAC,1,3.55116,0,255,101,611,85,254,80,53,44,69,147,10.426666666666666
MIN,2,2.02224,3,20,14,63,9,24,7,8,7,8,32,4.111111111111111
MIN,2,6.0066,103,606,412,1933,102,226,189,82,30,187,183,16.878048780487806
MIN,8,3.5,44,26,13,197,16,83,45,22,23,28,42,5.0212765957446805
MIN,6,7.643979,0,45,15,105,51,107,25,25,23,17,85,4.370967741935484
MIN,3,2.348783,16,316,136,816,188,459,158,88,95,107,254,16.304878048780488
MIN,7,0.635753,0,1,0,2,0,0,1,2,0,0,0,0.4
MIN,7,3.91138,0,5,2,12,8,6,0,1,0,4,9,2.142857142857143
MIN,1,5.96016,101,701,356,2061,296,711,220,56,103,212,241,30.304878048780488
MIN,0,3.87252,21,97,36,293,24,142,188,78,36,89,178,5.82051282051282
MIN,1,3.8,56,95,45,403,57,187,79,40,20,59,154,7.7846153846153845
MIN,5,13.55,60,201,254,836,68,237,682,128,10,195,202,17.946666666666665
MIN,3,3.046299,49,239,147,772,84,136,35,22,6,56,86,8.282051282051283
MIN,1,1.33968,26,49,33,209,10,57,156,48,5,38,50,5.516666666666667
MIN,2,2.24088,120,206,117,889,19,141,139,41,10,85,104,15.893617021276595
LAL,0,5.28168,55,221,133,740,60,256,166,50,36,116,158,8.873417721518987
LAL,9,7.6,5,48,18,129,11,41,36,24,8,19,29,6.5
LAL,1,5.3328,135,216,147,984,31,190,303,87,16,176,130,13.936507936507937
LAL,0,0.137466,1,46,25,120,17,46,14,13,7,11,36,7.9
LAL,0,1.034956,0,126,32,284,41,118,30,14,33,30,66,9.5
LAL,2,12.5,117,360,134,1205,49,197,213,88,8,164,150,11.804878048780488
LAL,2,3.26712,17,360,204,975,150,486,264,49,37,173,248,17.756756756756758
LAL,12,18,51,113,46,425,63,232,74,48,20,43,61,9.678571428571429
LAL,16,1.551659,9,10,10,57,5,15,11,10,2,7,18,1.52
LAL,9,5.443918,170,102,77,791,25,113,58,37,14,36,137,10.466666666666667
LAL,2,6.191,1,149,82,383,144,199,39,29,44,58,173,9.08955223880597
LAL,4,1.050961,0,105,31,241,84,139,31,26,9,46,76,7.458333333333333
LAL,6,16,0,169,63,401,104,160,43,16,31,72,133,9.425925925925926
LAL,2,1.73388,21,44,19,170,5,21,52,19,2,21,29,7.545454545454546
PHO,1,0.874636,0,138,70,346,94,198,23,27,32,37,125,10.893617021276595
PHO,3,4.823621,3,227,150,613,156,354,44,38,98,102,242,11.818181818181818
PHO,5,12.60625,45,164,132,595,25,93,130,27,5,88,87,8.314814814814815
PHO,0,0.543471,3,65,29,168,39,40,12,14,13,13,63,6.5
PHO,1,2.2236,147,459,367,1726,46,203,268,72,21,241,242,15.333333333333334
PHO,0,4.27632,28,29,4,146,23,80,23,10,22,32,74,3.744186046511628
PHO,2,0.023069,0,1,1,3,3,3,1,0,0,2,2,0.5
PHO,6,14,104,345,388,1390,52,268,418,91,31,224,164,20.772727272727273
PHO,9,10.47,77,80,43,434,31,194,121,42,16,73,154,8.65625
PHO,1,0.102898,4,2,8,24,1,6,0,1,0,1,1,3.4
PHO,4,0.469841,1,1,2,7,0,1,1,0,0,0,0,1.5
PHO,13,4,35,137,40,419,15,89,81,31,8,48,82,5.522388059701493
PHO,0,2.94144,72,212,113,753,96,252,60,67,70,108,263,9.439024390243903
PHO,11,0.465143,3,1,3,14,3,8,18,11,1,3,14,2.2142857142857144
PHO,2,2.12892,26,377,119,951,125,214,75,76,39,57,175,14.803030303030303
PHO,0,0.918369,21,163,55,444,20,75,226,48,5,77,73,7.737704918032787
PHO,15,12.415,0,153,91,397,153,386,30,33,24,65,126,18.085106382978722
